{
"display":"MIRAI.102049.001",
"product":"mirai",
"device":"mirai",
"board":"mirai",
"model":"mirai",
"finger_print":"mamoe/mirai/mirai:10/MIRAI.200122.001/8947982:user/release-keys",
"boot_id":"efae418d-494c-0b1b-a4dc-8f57bd5f4301",
"proc_version":"Linux version 3.0.31-YeG28e93 (android-build@xxx.xxx.xxx.xxx.com)",
"protocol":2,
"imei":"309767254581391",
"brand":"mamoe",
"bootloader":"unknown",
"base_band":"",
"version":{
"incremental":"5891938",
"release":"10",
"codename":"REL",
"sdk":29},
"sim_info":"T-Mobile",
"os_type":"android",
"mac_address":"00:50:56:C0:00:08",
"ip_address":[10,0,1,3],
"wifi_bssid":"00:50:56:C0:00:08",
"wifi_ssid":"\u003cunknown ssid\u003e",
"imsi_md5":"10685b33ebed97e9c5edee6543ed2a0f",
"android_id":"1ed5df20695a0193",
"apn":"wifi",
"vendor_name":"MIUI",
"vendor_os_name":"mirai"
}
